{"cameraMode":{"drawMode":0,"name":"Shaded","section":"Shading Mode"},"sceneLighting":true,"audioPlay":false,"sceneViewState":{"showFog":true,"showMaterialUpdate":false,"showSkybox":true,"showFlares":true,"showImageEffects":true,"showParticleSystems":true},"in2DMode":false,"pivot":{"x":0.6769975423812866,"y":2.526024341583252,"z":-1.9932140111923218},"rotation":{"x":-0.31768447160720827,"y":0.14546646177768708,"z":-0.04940445348620415,"w":-0.9356881380081177},"size":0.8630706667900086,"orthographic":false}