{"cameraMode":{"drawMode":0,"name":"Shaded","section":"Shading Mode"},"sceneLighting":false,"audioPlay":false,"sceneViewState":{"showFog":true,"showMaterialUpdate":false,"showSkybox":false,"showFlares":true,"showImageEffects":true,"showParticleSystems":true},"in2DMode":false,"pivot":{"x":0.0280000027269125,"y":1.1720000505447388,"z":-0.12200000137090683},"rotation":{"x":-0.0972270593047142,"y":0.6868661046028137,"z":-0.09351219236850739,"w":-0.7141677737236023},"size":0.12611477077007295,"orthographic":false}