{"cameraMode":{"drawMode":0,"name":"Shaded","section":"Shading Mode"},"sceneLighting":true,"audioPlay":false,"sceneViewState":{"showFog":true,"showMaterialUpdate":false,"showSkybox":false,"showFlares":true,"showImageEffects":true,"showParticleSystems":true},"in2DMode":false,"pivot":{"x":0.7271632552146912,"y":2.3775579929351808,"z":-0.17651183903217317},"rotation":{"x":-0.03339589759707451,"y":0.8951095342636108,"z":-0.43937551975250246,"w":-0.06805747747421265},"size":-0.1317741870880127,"orthographic":false}