{"cameraMode":{"drawMode":0,"name":"Shaded","section":"Shading Mode"},"sceneLighting":false,"audioPlay":false,"sceneViewState":{"showFog":true,"showMaterialUpdate":false,"showSkybox":false,"showFlares":true,"showImageEffects":true,"showParticleSystems":true},"in2DMode":false,"pivot":{"x":0.19699999690055848,"y":1.3049529790878297,"z":-1.1175870895385743e-8},"rotation":{"x":0.16447684168815614,"y":0.031061381101608278,"z":-0.005181760992854834,"w":0.9858812093734741},"size":0.18541885912418366,"orthographic":false}